SoundId	IsRepeat	RepeatInterval_min	RepeatInterval_max	SoundFile	Type	SubType	Desc	
0	0	0	0	Media/Sound/random/click 			点击确定按钮	
1	0	0	0	Media/Sound/note/bd			点击取消按钮	
2	0	0	0	Media/Sound/ui/error			错误操作	
3	0	0	0	Media/Sound/ui/result_c			无效操作	
4	0	0	0	Media/Sound/note/hat			打开一级面板	
5	0	0	0	Media/Sound/note/hat			关闭一级面板	
6	0	0	0	Media/Sound/note/hat			打开二级或更低级面板	
7	0	0	0	Media/Sound/note/hat			关闭二级或更低级面板	
8	0	0	0	Media/Sound/random/successful_hit			弹出提示窗	
9	0	0	0	Media/Sound/random/successful_hit			邮件	
10	0	0	0	Media/Sound/note/bass			私聊	
11	0	0	0	Media/Sound/ui/count_down_normal			倒计时，普通	
12	0	0	0	Media/Sound/ui/count_down_special			倒计时，急迫	
13	0	0	0	Media/Sound/ui/gold_buy_01			获得物品	
14	0	0	0	Media/Sound/ui/gold_buy_02			获得金币	
15	0	0	0	Media/Sound/note/bass			获得钻石	
16	0	0	0	Media/Sound/random/boy_hurt 			男玩家受击	
17	0	0	0	Media/Sound/random/girl_hurt 			女玩家受击	
18	0	0	0	Media/Sound/random/boy_hurt 			玩家受击3	
19	0	0	0	Media/Sound/random/bow 			拉弓	
20	0	0	0	Media/Sound/random/bowhit			发射	
21	0	0	0	Media/Sound/random/bowhit			发射火箭	
22	0	0	0	Media/Sound/random/bowhit			发射特殊箭	
23	0	0	0	Media/Sound/mob/zombie/hurt			僵尸受伤	
24	0	0	0	Media/Sound/mob/zombie/death			僵尸死亡	
25	0	0	0	Media/Sound/dig/grass			放置草方块	
26	0	0	0	Media/Sound/dig/grass			破坏草方块	
27	0	0	0	Media/Sound/dig/grass			放置泥方块	
28	0	0	0	Media/Sound/dig/grass			破坏泥方块	
29	0	0	0	Media/Sound/dig/wood			放置木方块	
30	0	0	0	Media/Sound/dig/wood			破坏木方块	
31	0	0	0	Media/Sound/dig/snow			放置软质方块	
32	0	0	0	Media/Sound/dig/snow			破坏软质方块	
33	0	0	0	Media/Sound/dig/sand			放置沙子方块	
34	0	0	0	Media/Sound/dig/sand			破坏沙子方块	
35	0	0	0	Media/Sound/dig/snow			放置雪方块	
36	0	0	0	Media/Sound/dig/snow			破坏雪方块	
37	0	0	0	Media/Sound/dig/stone			放置石方块	
38	0	0	0	Media/Sound/dig/stone			破坏石方块	
39	0	0	0	Media/Sound/dig/snow			放置铁方块	
40	0	0	0	Media/Sound/dig/snow			破坏铁方块	
41	0	0	0	Media/Sound/dig/snow			放置金方块	
42	0	0	0	Media/Sound/dig/snow			破坏金方块	
43	0	0	0	Media/Sound/dig/snow			放置钻石方块	
44	0	0	0	Media/Sound/dig/snow			破坏钻石方块	
45	0	0	0	Media/Sound/step/cloth			行走布质地面	
46	0	0	0	Media/Sound/step/grass			行走草地	
47	0	0	0	Media/Sound/step/sand			行走沙地	
48	0	0	0	Media/Sound/step/gravel			行走碎石地	
49	0	0	0	Media/Sound/step/ladder			行走梯子	
50	0	0	0	Media/Sound/step/stone			行走石地板	
51	0	0	0	Media/Sound/step/wood			行走木地板	
52	0	0	0	Media/Sound/step/snow2			引信	
53	0	0	0	Media/Sound/random/glass			碎玻璃	
54	0	0	0	Media/Sound/random/click			木按钮	
55	0	0	0	Media/Sound/random/wooden_door/open			开木门	
56	0	0	0	Media/Sound/random/wooden_door/close 			关木门	
57	0	0	0	Media/Sound/random/iron_door/open			开铁门	
58	0	0	0	Media/Sound/random/iron_door/close			关铁门	
59	0	0	0	Media/Sound/step/snow1			传送门	
60	0	0	0	Media/Sound/random/fuse			发出嘶嘶声	
61	0	0	0	Media/Sound/random/explode			爆炸	
62	0	0	0	Media/Sound/step/snow2			隐身状态	
63	0	0	0	Media/Sound/step/snow2			加速状态	
64	0	0	0	Media/Sound/step/snow2			跳跃状态	
65	0	0	0	Media/Sound/step/snow2			夜视状态	
66	1	0	0	Media/Sound/ambient/weather/rain			下雨	
67	0	0	0	Media/Sound/ambient/weather/thunder			打雷	
68	0	0	0	Media/Sound/liquid/lava			熔岩	
69	0	0	0	Media/Sound/liquid/water			流水	
70	0	0	0	Media/Sound/note/hat			点击	
71	0	0	0	Media/Sound/random/door_open			开门	
72	0	0	0	Media/Sound/random/door_close			关门	
73	0	0	0	Media/Sound/random/anvil_break 			random.anvil_break	
74	0	0	0	Media/Sound/random/anvil_use 			random.anvil_use	
75	0	0	0	Media/Sound/random/anvil_land 			random.anvil_land	
76	0	0	0	Media/Sound/random/glass			random.glass	
77	0	0	0	Media/Sound/liquid/swim			liquid.swim	
78	0	0	0	Media/Sound/enchant/thorns/hit			damage.thorns	
79	0	0	0	Media/Sound/liquid/splash			liquid.splash	
80	0	0	0	Media/Sound/random/bowhit			random.bowhit	
81	0	0	0	Media/Sound/random/pop 			random.pop	
82	0	0	0	Media/Sound/random/break 			random.break	
83	0	0	0	Media/Sound/damage/fallbig 			damage.fallbig	
84	0	0	0	Media/Sound/damage/fallsmall 			damage.fallsmall	
85	0	0	0	Media/Sound/random/orb 			random.orb	
86	0	0	0	Media/Sound/random/levelup 			random.levelup	
87	0	0	0	Media/Sound/random/burp 			random.burp	
88	0	0	0	Media/Sound/fire/ignite 			fire.ignite	
89	0	0	0	Media/Sound/random/chestopen			random.chestopen	
90	0	0	0	Media/Sound/random/chestclosed			random.chestclosed	
91	0	0	0	Media/Sound/tile/piston/out 			tile.piston.out	
92	0	0	0	Media/Sound/tile/piston/in 			tile.piston.in	
93	0	0	0	Media/Sound/liquid/lavapop 			liquid.lavapop	
94	0	0	0	Media/Sound/fire/fire 			fire.fire	
95	0	0	0	Media/Sound/step/snow2				
97	0	0	0	Media/Sound/random/glass1			放置玻璃	
98	0	0	0	Media/Sound/random/glass2			破坏玻璃	
99	0	0	0	Media/Sound/random/glass_walk			玻璃上行走	
100	0	0	0	Media/Sound/step/snow1			place cloth block	
101	0	0	0	Media/Sound/step/snow1			break cloth block	
102	0	0	0	Media/Sound/step/snow1			step on snow	
103	0	0	0	Media/Sound/dig/wood			place ladder block	
104	0	0	0	Media/Sound/dig/wood			break ladder block	
105	0	0	0	Media/Sound/random/anvil_land 			place anvil block	
106	0	0	0	Media/Sound/step/snow1			step on anvil	
107	0	0	0	Media/Sound/random/drink			random.drink	
108	0	0	0	Media/Sound/random/eat			random.eat	
109	0	0	0	Media/Sound/step/snow1			mob.wither.spawn	
110	0	0	0	Media/Sound/step/snow1			mob.enddragon.end	
120	0	0	0	Media/Sound/random/Shoot_Pistol		枪械	手枪枪声	
121	0	0	0	Media/Sound/random/Shoot_AK		枪械	AK枪声	
122	0	0	0	Media/Sound/random/Shoot_Submachine		枪械	冲锋枪	
123	0	0	0	Media/Sound/random/Shoot_Shotguns		枪械	散弹枪	
124	0	0	0	Media/Sound/random/Shoot_Sniper		枪械	狙击枪	
125	0	0	0	Media/Sound/random/No_Bullet			空发音效	
126	0	0	0	Media/Sound/random/Load_Pistol			手枪换弹夹	
127	0	0	0	Media/Sound/random/Load_AK			步枪换弹夹	
128	0	0	0	Media/Sound/mob/zombie/say			僵尸音效	
130	0	0	0	Media/Sound/random/Gatling_Shot		枪械	加特林音效	
131	0	0	0	Media/Sound/random/reload_light			换弹夹	
132	0	0	0	Media/Sound/random/98k		枪械	98k	
133	0	0	0	Media/Sound/random/baleite		枪械	巴雷特	
134	0	0	0	Media/Sound/random/m4a1		枪械	m4a1	
10000	1	35	10	Media/Sound/bgm/theme_sea			主题音乐1	
10001	1	35	10	Media/Sound/bgm/theme_home			主题音乐2	
10002	0	0	0	Media/Sound/bgm/theme_dead			死亡	
10003	0	0	0	Media/Sound/ui/game_complete			游戏结束	可删除
10004	0	0	0	Media/Sound/ambient/plane		plane	飞机音效	
10005	1	35	10	Media/Sound/bgm/loading			加载界面音乐	
10006	1	35	10	Media/Sound/bgm/theme_snowballbattle			主题音乐	
10007	1	35	10	Media/Sound/bgm/theme_snowballbattle_waiting			等待进入音乐	
10008	1	35	10	Media/Sound/bgm/theme_zombie			主题音乐	
10009	1	35	10	Media/Sound/bgm/theme_zombie_waiting			等待进入音乐	
10010	1	35	10	Media/Sound/bgm/theme_skywar			主题音乐	
10011	1	35	10	Media/Sound/bgm/theme_skywar_waiting			等待进入音乐	
10012	1	35	10	Media/Sound/bgm/theme_TNTrun			主题音乐	
10013	1	35	10	Media/Sound/bgm/theme_sanddigger			主题音乐	
10014	1	35	10	Media/Sound/bgm/theme_sanddigger_waiting			等待进入音乐	
10015	1	35	10	Media/Sound/bgm/theme_jailbreak			主题音乐	
10016	1	35	10	Media/Sound/bgm/theme_jailbreak_waiting			等待进入音乐	
10017	1	35	10	Media/Sound/bgm/theme_hungergame			主题音乐	
10018	1	35	10	Media/Sound/bgm/theme_hungergame_waiting			等待进入音乐	
10019	1	35	10	Media/Sound/bgm/theme_hideandseek			主题音乐	
10020	1	35	10	Media/Sound/bgm/theme_hideandseek_waiting			等待进入音乐	
10021	1	35	10	Media/Sound/bgm/theme_clanwar			主题音乐	
10022	1	35	10	Media/Sound/bgm/theme_murdermystery			主题音乐	
10023	0	0	0	Media/Sound/ui/game_complete_win			游戏结束，胜利	
10024	0	0	0	Media/Sound/ui/game_complete_lose			游戏结束，失败	
10025	0	0	0	Media/Sound/mob/zombie/turntozombie			变僵尸	
10026	0	0	0	Media/Sound/random/landing			降落	
10027	0	0	0	Media/Sound/random/hit			攻击音效	需要替换
10028	0	0	0	Media/Sound/random/crash			塌方	TNT跑酷独有
-1	1	0	0	Media/Sound/ambient/cave/cave13 		ambient	洞穴	
-1	1	0	0	Media/Sound/ambient/cave/cave14 		ambient	洞穴	
-1	1	0	0	Media/Sound/ambient/cave/cave15 		ambient	洞穴	
-1	1	0	0	Media/Sound/ambient/cave/cave16 		ambient	洞穴	
-1	1	0	0	Media/Sound/ambient/cave/cave17 		ambient	洞穴	
-1	1	0	0	Media/Sound/ambient/cave/cave18 		ambient	洞穴	
-1	1	0	0	Media/Sound/ambient/cave/cave2 		ambient	洞穴	
-1	1	0	0	Media/Sound/ambient/cave/cave3 		ambient	洞穴	
-1	1	0	0	Media/Sound/ambient/cave/cave4 		ambient	洞穴	
-1	1	0	0	Media/Sound/ambient/cave/cave5 		ambient	洞穴	
-1	1	0	0	Media/Sound/ambient/cave/cave6 		ambient	洞穴	
-1	1	0	0	Media/Sound/ambient/cave/cave7 		ambient	洞穴	
-1	1	0	0	Media/Sound/ambient/cave/cave8 		ambient	洞穴	
-1	1	0	0	Media/Sound/ambient/cave/cave9 		ambient	洞穴	
-1	1	0	0	Media/Sound/ambient/weather/rain1 		ambient	下雨	
-1	1	0	0	Media/Sound/ambient/weather/rain2 		ambient	下雨	
-1	1	0	0	Media/Sound/ambient/weather/rain3 		ambient	下雨	
-1	1	0	0	Media/Sound/ambient/weather/rain4 		ambient	下雨	
-1	1	0	0	Media/Sound/ambient/weather/rain5 		ambient	下雨	
-1	1	0	0	Media/Sound/ambient/weather/rain6 		ambient	下雨	
-1	1	0	0	Media/Sound/ambient/weather/rain7 		ambient	下雨	
-1	1	0	0	Media/Sound/ambient/weather/rain8 		ambient	下雨	
-1	0	0	0	Media/Sound/ambient/weather/thunder1 		ambient	打雷	
-1	0	0	0	Media/Sound/ambient/weather/thunder2 		ambient	打雷	
-1	0	0	0	Media/Sound/ambient/weather/thunder3 		ambient	打雷	
-1	0	0	0	Media/Sound/block/brewing_stand/brew1 		entity		
-1	0	0	0	Media/Sound/block/brewing_stand/brew2 		entity		
-1	0	0	0	Media/Sound/block/chest/close 		entity		
-1	0	0	0	Media/Sound/block/chest/close2 		entity		
-1	0	0	0	Media/Sound/block/chest/close3 		entity		
-1	0	0	0	Media/Sound/block/chest/open 		entity		
-1	0	0	0	Media/Sound/block/chorus_flower/death1 		entity		
-1	0	0	0	Media/Sound/block/chorus_flower/death2 		entity		
-1	0	0	0	Media/Sound/block/chorus_flower/death3 		entity		
-1	0	0	0	Media/Sound/block/chorus_flower/grow1 		entity		
-1	0	0	0	Media/Sound/block/chorus_flower/grow2 		entity		
-1	0	0	0	Media/Sound/block/chorus_flower/grow3 		entity		
-1	0	0	0	Media/Sound/block/chorus_flower/grow4 		entity		
-1	0	0	0	Media/Sound/block/enchantment_table/enchant1 		entity		
-1	0	0	0	Media/Sound/block/enchantment_table/enchant2 		entity		
-1	0	0	0	Media/Sound/block/enchantment_table/enchant3 		entity		
-1	0	0	0	Media/Sound/block/end_portal/endportal 		entity		
-1	0	0	0	Media/Sound/block/end_portal/eyeplace1 		entity		
-1	0	0	0	Media/Sound/block/end_portal/eyeplace2 		entity		
-1	0	0	0	Media/Sound/block/end_portal/eyeplace3 		entity		
-1	0	0	0	Media/Sound/block/enderchest/close 		entity		
-1	0	0	0	Media/Sound/block/enderchest/open 		entity		
-1	0	0	0	Media/Sound/block/fence_gate/close1 		entity		
-1	0	0	0	Media/Sound/block/fence_gate/close2 		entity		
-1	0	0	0	Media/Sound/block/fence_gate/open1 		entity		
-1	0	0	0	Media/Sound/block/fence_gate/open2 		entity		
-1	0	0	0	Media/Sound/block/furnace/fire_crackle1 		entity		
-1	0	0	0	Media/Sound/block/furnace/fire_crackle2 		entity		
-1	0	0	0	Media/Sound/block/furnace/fire_crackle3 		entity		
-1	0	0	0	Media/Sound/block/furnace/fire_crackle4 		entity		
-1	0	0	0	Media/Sound/block/furnace/fire_crackle5 		entity		
-1	0	0	0	Media/Sound/block/iron_door/close1 		entity		
-1	0	0	0	Media/Sound/block/iron_door/close2 		entity		
-1	0	0	0	Media/Sound/block/iron_door/close3 		entity		
-1	0	0	0	Media/Sound/block/iron_door/close4 		entity		
-1	0	0	0	Media/Sound/block/iron_door/open1 		entity		
-1	0	0	0	Media/Sound/block/iron_door/open2 		entity		
-1	0	0	0	Media/Sound/block/iron_door/open3 		entity		
-1	0	0	0	Media/Sound/block/iron_door/open4 		entity		
-1	0	0	0	Media/Sound/block/iron_trapdoor/close1 		entity		
-1	0	0	0	Media/Sound/block/iron_trapdoor/close2 		entity		
-1	0	0	0	Media/Sound/block/iron_trapdoor/close3 		entity		
-1	0	0	0	Media/Sound/block/iron_trapdoor/close4 		entity		
-1	0	0	0	Media/Sound/block/iron_trapdoor/open1 		entity		
-1	0	0	0	Media/Sound/block/iron_trapdoor/open2 		entity		
-1	0	0	0	Media/Sound/block/iron_trapdoor/open3 		entity		
-1	0	0	0	Media/Sound/block/iron_trapdoor/open4 		entity		
-1	0	0	0	Media/Sound/block/shulker_box/close 		entity		
-1	0	0	0	Media/Sound/block/shulker_box/open 		entity		
-1	0	0	0	Media/Sound/block/waterlily/place1 		entity		
-1	0	0	0	Media/Sound/block/waterlily/place2 		entity		
-1	0	0	0	Media/Sound/block/waterlily/place3 		entity		
-1	0	0	0	Media/Sound/block/waterlily/place4 		entity		
-1	0	0	0	Media/Sound/block/wooden_door/close 		entity		
-1	0	0	0	Media/Sound/block/wooden_door/close2 		entity		
-1	0	0	0	Media/Sound/block/wooden_door/close3 		entity		
-1	0	0	0	Media/Sound/block/wooden_door/close4 		entity		
-1	0	0	0	Media/Sound/block/wooden_door/open 		entity		
-1	0	0	0	Media/Sound/block/wooden_door/open2 		entity		
-1	0	0	0	Media/Sound/block/wooden_door/open3 		entity		
-1	0	0	0	Media/Sound/block/wooden_door/open4 		entity		
-1	0	0	0	Media/Sound/block/wooden_trapdoor/close1 		entity		
-1	0	0	0	Media/Sound/block/wooden_trapdoor/close2 		entity		
-1	0	0	0	Media/Sound/block/wooden_trapdoor/close3 		entity		
-1	0	0	0	Media/Sound/block/wooden_trapdoor/open1 		entity		
-1	0	0	0	Media/Sound/block/wooden_trapdoor/open2 		entity		
-1	0	0	0	Media/Sound/block/wooden_trapdoor/open3 		entity		
-1	0	0	0	Media/Sound/block/wooden_trapdoor/open4 		entity		
-1	0	0	0	Media/Sound/block/wooden_trapdoor/open5 		entity		
-1	0	0	0	Media/Sound/damage/fallbig 		damage	掉落，重	
-1	0	0	0	Media/Sound/damage/fallsmall 		damage	掉落，轻	
-1	0	0	0	Media/Sound/damage/hit1 		damage	受伤1	
-1	0	0	0	Media/Sound/damage/hit2 		damage	受伤2	
-1	0	0	0	Media/Sound/damage/hit3 		damage	受伤3	
-1	0	0	0	Media/Sound/dig/cloth1 		dig	破坏布质方块1	
-1	0	0	0	Media/Sound/dig/cloth2 		dig	破坏布质方块2	
-1	0	0	0	Media/Sound/dig/cloth3 		dig	破坏布质方块3	
-1	0	0	0	Media/Sound/dig/cloth4 		dig	破坏布质方块4	
-1	0	0	0	Media/Sound/dig/grass1 		dig	破坏草方块1	
-1	0	0	0	Media/Sound/dig/grass2 		dig	破坏草方块2	
-1	0	0	0	Media/Sound/dig/grass3 		dig	破坏草方块3	
-1	0	0	0	Media/Sound/dig/grass4 		dig	破坏草方块4	
-1	0	0	0	Media/Sound/dig/gravel1 		dig	破坏沙砾1	
-1	0	0	0	Media/Sound/dig/gravel2 		dig	破坏沙砾2	
-1	0	0	0	Media/Sound/dig/gravel3 		dig	破坏沙砾3	
-1	0	0	0	Media/Sound/dig/gravel4 		dig	破坏沙砾4	
-1	0	0	0	Media/Sound/dig/sand1 		dig	破坏沙子1	
-1	0	0	0	Media/Sound/dig/sand2 		dig	破坏沙子2	
-1	0	0	0	Media/Sound/dig/sand3 		dig	破坏沙子3	
-1	0	0	0	Media/Sound/dig/sand4 		dig	破坏沙子4	
-1	0	0	0	Media/Sound/dig/snow1 		dig	破坏雪方块1	
-1	0	0	0	Media/Sound/dig/snow2 		dig	破坏雪方块2	
-1	0	0	0	Media/Sound/dig/snow3 		dig	破坏雪方块3	
-1	0	0	0	Media/Sound/dig/snow4 		dig	破坏雪方块4	
-1	0	0	0	Media/Sound/dig/stone1 		dig	破坏石方块1	
-1	0	0	0	Media/Sound/dig/stone2 		dig	破坏石方块2	
-1	0	0	0	Media/Sound/dig/stone3 		dig	破坏石方块3	
-1	0	0	0	Media/Sound/dig/stone4 		dig	破坏石方块4	
-1	0	0	0	Media/Sound/dig/wood1 		dig	破坏木头方块1	
-1	0	0	0	Media/Sound/dig/wood2 		dig	破坏木头方块2	
-1	0	0	0	Media/Sound/dig/wood3 		dig	破坏木头方块3	
-1	0	0	0	Media/Sound/dig/wood4 		dig	破坏木头方块4	
-1	0	0	0	Media/Sound/enchant/thorns/hit1 				
-1	0	0	0	Media/Sound/enchant/thorns/hit2 				
-1	0	0	0	Media/Sound/enchant/thorns/hit3 				
-1	0	0	0	Media/Sound/enchant/thorns/hit4 				
-1	0	0	0	Media/Sound/entity/armorstand/break1 		entity		
-1	0	0	0	Media/Sound/entity/armorstand/break2 		entity		
-1	0	0	0	Media/Sound/entity/armorstand/break3 		entity		
-1	0	0	0	Media/Sound/entity/armorstand/break4 		entity		
-1	0	0	0	Media/Sound/entity/armorstand/hit1 		entity		
-1	0	0	0	Media/Sound/entity/armorstand/hit2 		entity		
-1	0	0	0	Media/Sound/entity/armorstand/hit3 		entity		
-1	0	0	0	Media/Sound/entity/armorstand/hit4 		entity		
-1	0	0	0	Media/Sound/entity/boat/paddle_land1 		entity		
-1	0	0	0	Media/Sound/entity/boat/paddle_land2 		entity		
-1	0	0	0	Media/Sound/entity/boat/paddle_land3 		entity		
-1	0	0	0	Media/Sound/entity/boat/paddle_land4 		entity		
-1	0	0	0	Media/Sound/entity/boat/paddle_land5 		entity		
-1	0	0	0	Media/Sound/entity/boat/paddle_land6 		entity		
-1	0	0	0	Media/Sound/entity/boat/paddle_water1 		entity		
-1	0	0	0	Media/Sound/entity/boat/paddle_water2 		entity		
-1	0	0	0	Media/Sound/entity/boat/paddle_water3 		entity		
-1	0	0	0	Media/Sound/entity/boat/paddle_water4 		entity		
-1	0	0	0	Media/Sound/entity/boat/paddle_water5 		entity		
-1	0	0	0	Media/Sound/entity/boat/paddle_water6 		entity		
-1	0	0	0	Media/Sound/entity/boat/paddle_water7 		entity		
-1	0	0	0	Media/Sound/entity/boat/paddle_water8 		entity		
-1	0	0	0	Media/Sound/entity/bobber/castfast 		entity		
-1	0	0	0	Media/Sound/entity/bobber/retrieve1 		entity		
-1	0	0	0	Media/Sound/entity/bobber/retrieve2 		entity		
-1	0	0	0	Media/Sound/entity/bobber/retrieve3 		entity		
-1	0	0	0	Media/Sound/entity/cow/milk1 		entity		
-1	0	0	0	Media/Sound/entity/cow/milk2 		entity		
-1	0	0	0	Media/Sound/entity/cow/milk3 		entity		
-1	0	0	0	Media/Sound/entity/endereye/dead1 		entity		
-1	0	0	0	Media/Sound/entity/endereye/dead2 		entity		
-1	0	0	0	Media/Sound/entity/endereye/endereye_launch1 		entity		
-1	0	0	0	Media/Sound/entity/endereye/endereye_launch2 		entity		
-1	0	0	0	Media/Sound/entity/guardian/ambient1 		entity		
-1	0	0	0	Media/Sound/entity/guardian/ambient2 		entity		
-1	0	0	0	Media/Sound/entity/guardian/ambient3 		entity		
-1	0	0	0	Media/Sound/entity/guardian/ambient4 		entity		
-1	0	0	0	Media/Sound/entity/horse/eat1 		entity		
-1	0	0	0	Media/Sound/entity/horse/eat2 		entity		
-1	0	0	0	Media/Sound/entity/horse/eat3 		entity		
-1	0	0	0	Media/Sound/entity/horse/eat4 		entity		
-1	0	0	0	Media/Sound/entity/horse/eat5 		entity		
-1	0	0	0	Media/Sound/entity/itemframe/add_item1 		entity		
-1	0	0	0	Media/Sound/entity/itemframe/add_item2 		entity		
-1	0	0	0	Media/Sound/entity/itemframe/add_item3 		entity		
-1	0	0	0	Media/Sound/entity/itemframe/add_item4 		entity		
-1	0	0	0	Media/Sound/entity/itemframe/break1 		entity		
-1	0	0	0	Media/Sound/entity/itemframe/break2 		entity		
-1	0	0	0	Media/Sound/entity/itemframe/break3 		entity		
-1	0	0	0	Media/Sound/entity/itemframe/place1 		entity		
-1	0	0	0	Media/Sound/entity/itemframe/place2 		entity		
-1	0	0	0	Media/Sound/entity/itemframe/place3 		entity		
-1	0	0	0	Media/Sound/entity/itemframe/place4 		entity		
-1	0	0	0	Media/Sound/entity/itemframe/remove_item1 		entity		
-1	0	0	0	Media/Sound/entity/itemframe/remove_item2 		entity		
-1	0	0	0	Media/Sound/entity/itemframe/remove_item3 		entity		
-1	0	0	0	Media/Sound/entity/itemframe/remove_item4 		entity		
-1	0	0	0	Media/Sound/entity/itemframe/rotate_item1 		entity		
-1	0	0	0	Media/Sound/entity/itemframe/rotate_item2 		entity		
-1	0	0	0	Media/Sound/entity/itemframe/rotate_item3 		entity		
-1	0	0	0	Media/Sound/entity/itemframe/rotate_item4 		entity		
-1	0	0	0	Media/Sound/entity/leashknot/break1 		entity		
-1	0	0	0	Media/Sound/entity/leashknot/break2 		entity		
-1	0	0	0	Media/Sound/entity/leashknot/break3 		entity		
-1	0	0	0	Media/Sound/entity/leashknot/place1 		entity		
-1	0	0	0	Media/Sound/entity/leashknot/place2 		entity		
-1	0	0	0	Media/Sound/entity/leashknot/place3 		entity		
-1	0	0	0	Media/Sound/entity/painting/break1 		entity		
-1	0	0	0	Media/Sound/entity/painting/break2 		entity		
-1	0	0	0	Media/Sound/entity/painting/break3 		entity		
-1	0	0	0	Media/Sound/entity/painting/place1 		entity		
-1	0	0	0	Media/Sound/entity/painting/place2 		entity		
-1	0	0	0	Media/Sound/entity/painting/place3 		entity		
-1	0	0	0	Media/Sound/entity/painting/place4 		entity		
-1	0	0	0	Media/Sound/entity/player/attack/crit1 		entity		
-1	0	0	0	Media/Sound/entity/player/attack/crit2 		entity		
-1	0	0	0	Media/Sound/entity/player/attack/crit3 		entity		
-1	0	0	0	Media/Sound/entity/player/attack/knockback1 		entity		
-1	0	0	0	Media/Sound/entity/player/attack/knockback2 		entity		
-1	0	0	0	Media/Sound/entity/player/attack/knockback3 		entity		
-1	0	0	0	Media/Sound/entity/player/attack/knockback4 		entity		
-1	0	0	0	Media/Sound/entity/player/attack/strong1 		entity		
-1	0	0	0	Media/Sound/entity/player/attack/strong2 		entity		
-1	0	0	0	Media/Sound/entity/player/attack/strong3 		entity		
-1	0	0	0	Media/Sound/entity/player/attack/strong4 		entity		
-1	0	0	0	Media/Sound/entity/player/attack/strong5 		entity		
-1	0	0	0	Media/Sound/entity/player/attack/strong6 		entity		
-1	0	0	0	Media/Sound/entity/player/attack/sweep1 		entity		
-1	0	0	0	Media/Sound/entity/player/attack/sweep2 		entity		
-1	0	0	0	Media/Sound/entity/player/attack/sweep3 		entity		
-1	0	0	0	Media/Sound/entity/player/attack/sweep4 		entity		
-1	0	0	0	Media/Sound/entity/player/attack/sweep5 		entity		
-1	0	0	0	Media/Sound/entity/player/attack/sweep6 		entity		
-1	0	0	0	Media/Sound/entity/player/attack/sweep7 		entity		
-1	0	0	0	Media/Sound/entity/player/attack/weak1 		entity		
-1	0	0	0	Media/Sound/entity/player/attack/weak2 		entity		
-1	0	0	0	Media/Sound/entity/player/attack/weak3 		entity		
-1	0	0	0	Media/Sound/entity/player/attack/weak4 		entity		
-1	0	0	0	Media/Sound/entity/player/hurt/drown1 		entity		
-1	0	0	0	Media/Sound/entity/player/hurt/drown2 		entity		
-1	0	0	0	Media/Sound/entity/player/hurt/drown3 		entity		
-1	0	0	0	Media/Sound/entity/player/hurt/drown4 		entity		
-1	0	0	0	Media/Sound/entity/player/hurt/fire_hurt1 		entity		
-1	0	0	0	Media/Sound/entity/player/hurt/fire_hurt2 		entity		
-1	0	0	0	Media/Sound/entity/player/hurt/fire_hurt3 		entity		
-1	0	0	0	Media/Sound/entity/rabbit/attack1 		entity		
-1	0	0	0	Media/Sound/entity/rabbit/attack2 		entity		
-1	0	0	0	Media/Sound/entity/rabbit/attack3 		entity		
-1	0	0	0	Media/Sound/entity/rabbit/attack4 		entity		
-1	0	0	0	Media/Sound/entity/shulker/ambient1 		entity		
-1	0	0	0	Media/Sound/entity/shulker/ambient2 		entity		
-1	0	0	0	Media/Sound/entity/shulker/ambient3 		entity		
-1	0	0	0	Media/Sound/entity/shulker/ambient4 		entity		
-1	0	0	0	Media/Sound/entity/shulker/ambient5 		entity		
-1	0	0	0	Media/Sound/entity/shulker/ambient6 		entity		
-1	0	0	0	Media/Sound/entity/shulker/ambient7 		entity		
-1	0	0	0	Media/Sound/entity/shulker/close1 		entity		
-1	0	0	0	Media/Sound/entity/shulker/close2 		entity		
-1	0	0	0	Media/Sound/entity/shulker/close3 		entity		
-1	0	0	0	Media/Sound/entity/shulker/close4 		entity		
-1	0	0	0	Media/Sound/entity/shulker/close5 		entity		
-1	0	0	0	Media/Sound/entity/shulker/death1 		entity		
-1	0	0	0	Media/Sound/entity/shulker/death2 		entity		
-1	0	0	0	Media/Sound/entity/shulker/death3 		entity		
-1	0	0	0	Media/Sound/entity/shulker/death4 		entity		
-1	0	0	0	Media/Sound/entity/shulker/hurt_closed1 		entity		
-1	0	0	0	Media/Sound/entity/shulker/hurt_closed2 		entity		
-1	0	0	0	Media/Sound/entity/shulker/hurt_closed3 		entity		
-1	0	0	0	Media/Sound/entity/shulker/hurt_closed4 		entity		
-1	0	0	0	Media/Sound/entity/shulker/hurt_closed5 		entity		
-1	0	0	0	Media/Sound/entity/shulker/hurt1 		entity		
-1	0	0	0	Media/Sound/entity/shulker/hurt2 		entity		
-1	0	0	0	Media/Sound/entity/shulker/hurt3 		entity		
-1	0	0	0	Media/Sound/entity/shulker/hurt4 		entity		
-1	0	0	0	Media/Sound/entity/shulker/open1 		entity		
-1	0	0	0	Media/Sound/entity/shulker/open2 		entity		
-1	0	0	0	Media/Sound/entity/shulker/open3 		entity		
-1	0	0	0	Media/Sound/entity/shulker/open4 		entity		
-1	0	0	0	Media/Sound/entity/shulker/open5 		entity		
-1	0	0	0	Media/Sound/entity/shulker/shoot1 		entity		
-1	0	0	0	Media/Sound/entity/shulker/shoot2 		entity		
-1	0	0	0	Media/Sound/entity/shulker/shoot3 		entity		
-1	0	0	0	Media/Sound/entity/shulker/shoot4 		entity		
-1	0	0	0	Media/Sound/entity/shulker_bullet/hit1 		entity		
-1	0	0	0	Media/Sound/entity/shulker_bullet/hit2 		entity		
-1	0	0	0	Media/Sound/entity/shulker_bullet/hit3 		entity		
-1	0	0	0	Media/Sound/entity/shulker_bullet/hit4 		entity		
-1	0	0	0	Media/Sound/entity/snowman/death1 		entity		
-1	0	0	0	Media/Sound/entity/snowman/death2 		entity		
-1	0	0	0	Media/Sound/entity/snowman/death3 		entity		
-1	0	0	0	Media/Sound/entity/snowman/hurt1 		entity		
-1	0	0	0	Media/Sound/entity/snowman/hurt2 		entity		
-1	0	0	0	Media/Sound/entity/snowman/hurt3 		entity		
-1	0	0	0	Media/Sound/entity/squid/ambient1 		entity		
-1	0	0	0	Media/Sound/entity/squid/ambient2 		entity		
-1	0	0	0	Media/Sound/entity/squid/ambient3 		entity		
-1	0	0	0	Media/Sound/entity/squid/ambient4 		entity		
-1	0	0	0	Media/Sound/entity/squid/ambient5 		entity		
-1	0	0	0	Media/Sound/entity/squid/death1 		entity		
-1	0	0	0	Media/Sound/entity/squid/death2 		entity		
-1	0	0	0	Media/Sound/entity/squid/death3 		entity		
-1	0	0	0	Media/Sound/entity/squid/hurt1 		entity		
-1	0	0	0	Media/Sound/entity/squid/hurt2 		entity		
-1	0	0	0	Media/Sound/entity/squid/hurt3 		entity		
-1	0	0	0	Media/Sound/entity/squid/hurt4 		entity		
-1	0	0	0	Media/Sound/entity/witch/ambient1 		entity		
-1	0	0	0	Media/Sound/entity/witch/ambient2 		entity		
-1	0	0	0	Media/Sound/entity/witch/ambient3 		entity		
-1	0	0	0	Media/Sound/entity/witch/ambient4 		entity		
-1	0	0	0	Media/Sound/entity/witch/ambient5 		entity		
-1	0	0	0	Media/Sound/entity/witch/death1 		entity		
-1	0	0	0	Media/Sound/entity/witch/death2 		entity		
-1	0	0	0	Media/Sound/entity/witch/death3 		entity		
-1	0	0	0	Media/Sound/entity/witch/drink1 		entity		
-1	0	0	0	Media/Sound/entity/witch/drink2 		entity		
-1	0	0	0	Media/Sound/entity/witch/drink3 		entity		
-1	0	0	0	Media/Sound/entity/witch/drink4 		entity		
-1	0	0	0	Media/Sound/entity/witch/hurt1 		entity		
-1	0	0	0	Media/Sound/entity/witch/hurt2 		entity		
-1	0	0	0	Media/Sound/entity/witch/hurt3 		entity		
-1	0	0	0	Media/Sound/entity/witch/throw1 		entity		
-1	0	0	0	Media/Sound/entity/witch/throw2 		entity		
-1	0	0	0	Media/Sound/entity/witch/throw3 		entity		
-1	1	0	0	Media/Sound/fire/fire 		ambient	火焰燃烧	
-1	0	0	0	Media/Sound/fire/ignite 		ambient	火焰爆发	
-1	0	0	0	Media/Sound/fireworks/blast_far1 		item		
-1	0	0	0	Media/Sound/fireworks/blast1 		item		
-1	0	0	0	Media/Sound/fireworks/largeblast_far1 		item		
-1	0	0	0	Media/Sound/fireworks/largeblast1 		item		
-1	0	0	0	Media/Sound/fireworks/launch1 		item		
-1	0	0	0	Media/Sound/fireworks/twinkle_far1 		item		
-1	0	0	0	Media/Sound/fireworks/twinkle1 		item		
-1	0	0	0	Media/Sound/item/armor/equip_chain1 		item		
-1	0	0	0	Media/Sound/item/armor/equip_chain2 		item		
-1	0	0	0	Media/Sound/item/armor/equip_chain3 		item		
-1	0	0	0	Media/Sound/item/armor/equip_chain4 		item		
-1	0	0	0	Media/Sound/item/armor/equip_chain5 		item		
-1	0	0	0	Media/Sound/item/armor/equip_chain6 		item		
-1	0	0	0	Media/Sound/item/armor/equip_diamond1 		item		
-1	0	0	0	Media/Sound/item/armor/equip_diamond2 		item		
-1	0	0	0	Media/Sound/item/armor/equip_diamond3 		item		
-1	0	0	0	Media/Sound/item/armor/equip_diamond4 		item		
-1	0	0	0	Media/Sound/item/armor/equip_diamond5 		item		
-1	0	0	0	Media/Sound/item/armor/equip_diamond6 		item		
-1	0	0	0	Media/Sound/item/armor/equip_generic1 		item		
-1	0	0	0	Media/Sound/item/armor/equip_generic2 		item		
-1	0	0	0	Media/Sound/item/armor/equip_generic3 		item		
-1	0	0	0	Media/Sound/item/armor/equip_generic4 		item		
-1	0	0	0	Media/Sound/item/armor/equip_generic5 		item		
-1	0	0	0	Media/Sound/item/armor/equip_generic6 		item		
-1	0	0	0	Media/Sound/item/armor/equip_gold1 		item		
-1	0	0	0	Media/Sound/item/armor/equip_gold2 		item		
-1	0	0	0	Media/Sound/item/armor/equip_gold3 		item		
-1	0	0	0	Media/Sound/item/armor/equip_gold4 		item		
-1	0	0	0	Media/Sound/item/armor/equip_gold5 		item		
-1	0	0	0	Media/Sound/item/armor/equip_gold6 		item		
-1	0	0	0	Media/Sound/item/armor/equip_iron1 		item		
-1	0	0	0	Media/Sound/item/armor/equip_iron2 		item		
-1	0	0	0	Media/Sound/item/armor/equip_iron3 		item		
-1	0	0	0	Media/Sound/item/armor/equip_iron4 		item		
-1	0	0	0	Media/Sound/item/armor/equip_iron5 		item		
-1	0	0	0	Media/Sound/item/armor/equip_iron6 		item		
-1	0	0	0	Media/Sound/item/armor/equip_leather1 		item		
-1	0	0	0	Media/Sound/item/armor/equip_leather2 		item		
-1	0	0	0	Media/Sound/item/armor/equip_leather3 		item		
-1	0	0	0	Media/Sound/item/armor/equip_leather4 		item		
-1	0	0	0	Media/Sound/item/armor/equip_leather5 		item		
-1	0	0	0	Media/Sound/item/armor/equip_leather6 		item		
-1	0	0	0	Media/Sound/item/bottle/empty1 		item		
-1	0	0	0	Media/Sound/item/bottle/empty2 		item		
-1	0	0	0	Media/Sound/item/bottle/fill_dragonbreath1 		item		
-1	0	0	0	Media/Sound/item/bottle/fill_dragonbreath2 		item		
-1	0	0	0	Media/Sound/item/bottle/fill1 		item		
-1	0	0	0	Media/Sound/item/bottle/fill2 		item		
-1	0	0	0	Media/Sound/item/bottle/fill3 		item		
-1	0	0	0	Media/Sound/item/bottle/fill4 		item		
-1	0	0	0	Media/Sound/item/bucket/empty_lava1 		item		
-1	0	0	0	Media/Sound/item/bucket/empty_lava2 		item		
-1	0	0	0	Media/Sound/item/bucket/empty_lava3 		item		
-1	0	0	0	Media/Sound/item/bucket/empty1 		item		
-1	0	0	0	Media/Sound/item/bucket/empty2 		item		
-1	0	0	0	Media/Sound/item/bucket/empty3 		item		
-1	0	0	0	Media/Sound/item/bucket/fill_lava1 		item		
-1	0	0	0	Media/Sound/item/bucket/fill_lava2 		item		
-1	0	0	0	Media/Sound/item/bucket/fill_lava3 		item		
-1	0	0	0	Media/Sound/item/bucket/fill1 		item		
-1	0	0	0	Media/Sound/item/bucket/fill2 		item		
-1	0	0	0	Media/Sound/item/bucket/fill3 		item		
-1	0	0	0	Media/Sound/item/elytra/elytra_loop 		item		
-1	0	0	0	Media/Sound/item/hoe/till1 		item		
-1	0	0	0	Media/Sound/item/hoe/till2 		item		
-1	0	0	0	Media/Sound/item/hoe/till3 		item		
-1	0	0	0	Media/Sound/item/hoe/till4 		item		
-1	0	0	0	Media/Sound/item/shield/block1 		item		
-1	0	0	0	Media/Sound/item/shield/block2 		item		
-1	0	0	0	Media/Sound/item/shield/block3 		item		
-1	0	0	0	Media/Sound/item/shield/block4 		item		
-1	0	0	0	Media/Sound/item/shield/block5 		item		
-1	0	0	0	Media/Sound/item/shovel/flatten1 		item		
-1	0	0	0	Media/Sound/item/shovel/flatten2 		item		
-1	0	0	0	Media/Sound/item/shovel/flatten3 		item		
-1	0	0	0	Media/Sound/item/shovel/flatten4 		item		
-1	0	0	0	Media/Sound/item/totem/use_totem 		item		
-1	1	0	0	Media/Sound/liquid/lava 		ambient	熔岩	
-1	0	0	0	Media/Sound/liquid/lavapop 		ambient	熔岩咕嘟	
-1	0	0	0	Media/Sound/liquid/splash 		ambient	水流	
-1	0	0	0	Media/Sound/liquid/splash2 		ambient	水流	
-1	0	0	0	Media/Sound/liquid/swim1 		ambient		
-1	0	0	0	Media/Sound/liquid/swim2 		ambient		
-1	0	0	0	Media/Sound/liquid/swim3 		ambient		
-1	0	0	0	Media/Sound/liquid/swim4 		ambient		
-1	0	0	0	Media/Sound/liquid/water 		ambient		
-1	0	0	0	Media/Sound/minecart/base 		entity		
-1	0	0	0	Media/Sound/minecart/inside 		entity		
-1	0	0	0	Media/Sound/mob/bat/death 		mob		
-1	0	0	0	Media/Sound/mob/bat/hurt1 		mob		
-1	0	0	0	Media/Sound/mob/bat/hurt2 		mob		
-1	0	0	0	Media/Sound/mob/bat/hurt3 		mob		
-1	0	0	0	Media/Sound/mob/bat/hurt4 		mob		
-1	0	0	0	Media/Sound/mob/bat/idle1 		mob		
-1	0	0	0	Media/Sound/mob/bat/idle2 		mob		
-1	0	0	0	Media/Sound/mob/bat/idle3 		mob		
-1	0	0	0	Media/Sound/mob/bat/idle4 		mob		
-1	0	0	0	Media/Sound/mob/bat/loop 		mob		
-1	0	0	0	Media/Sound/mob/bat/takeoff 		mob		
-1	0	0	0	Media/Sound/mob/blaze/breathe1 		mob		
-1	0	0	0	Media/Sound/mob/blaze/breathe2 		mob		
-1	0	0	0	Media/Sound/mob/blaze/breathe3 		mob		
-1	0	0	0	Media/Sound/mob/blaze/breathe4 		mob		
-1	0	0	0	Media/Sound/mob/blaze/death 		mob		
-1	0	0	0	Media/Sound/mob/blaze/hit1 		mob		
-1	0	0	0	Media/Sound/mob/blaze/hit2 		mob		
-1	0	0	0	Media/Sound/mob/blaze/hit3 		mob		
-1	0	0	0	Media/Sound/mob/blaze/hit4 		mob		
-1	0	0	0	Media/Sound/mob/cat/hiss1 		mob		
-1	0	0	0	Media/Sound/mob/cat/hiss2 		mob		
-1	0	0	0	Media/Sound/mob/cat/hiss3 		mob		
-1	0	0	0	Media/Sound/mob/cat/hitt1 		mob		
-1	0	0	0	Media/Sound/mob/cat/hitt2 		mob		
-1	0	0	0	Media/Sound/mob/cat/hitt3 		mob		
-1	0	0	0	Media/Sound/mob/cat/meow1 		mob		
-1	0	0	0	Media/Sound/mob/cat/meow2 		mob		
-1	0	0	0	Media/Sound/mob/cat/meow3 		mob		
-1	0	0	0	Media/Sound/mob/cat/meow4 		mob		
-1	0	0	0	Media/Sound/mob/cat/purr1 		mob		
-1	0	0	0	Media/Sound/mob/cat/purr2 		mob		
-1	0	0	0	Media/Sound/mob/cat/purr3 		mob		
-1	0	0	0	Media/Sound/mob/cat/purreow1 		mob		
-1	0	0	0	Media/Sound/mob/cat/purreow2 		mob		
-1	0	0	0	Media/Sound/mob/chicken/hurt1 		mob		
-1	0	0	0	Media/Sound/mob/chicken/hurt2 		mob		
-1	0	0	0	Media/Sound/mob/chicken/plop 		mob		
-1	0	0	0	Media/Sound/mob/chicken/say1 		mob		
-1	0	0	0	Media/Sound/mob/chicken/say2 		mob		
-1	0	0	0	Media/Sound/mob/chicken/say3 		mob		
-1	0	0	0	Media/Sound/mob/chicken/step1 		mob		
-1	0	0	0	Media/Sound/mob/chicken/step2 		mob		
-1	0	0	0	Media/Sound/mob/cow/hurt1 		mob		
-1	0	0	0	Media/Sound/mob/cow/hurt2 		mob		
-1	0	0	0	Media/Sound/mob/cow/hurt3 		mob		
-1	0	0	0	Media/Sound/mob/cow/say1 		mob		
-1	0	0	0	Media/Sound/mob/cow/say2 		mob		
-1	0	0	0	Media/Sound/mob/cow/say3 		mob		
-1	0	0	0	Media/Sound/mob/cow/say4 		mob		
-1	0	0	0	Media/Sound/mob/cow/step1 		mob		
-1	0	0	0	Media/Sound/mob/cow/step2 		mob		
-1	0	0	0	Media/Sound/mob/cow/step3 		mob		
-1	0	0	0	Media/Sound/mob/cow/step4 		mob		
-1	0	0	0	Media/Sound/mob/creeper/death 		mob		
-1	0	0	0	Media/Sound/mob/creeper/say1 		mob		
-1	0	0	0	Media/Sound/mob/creeper/say2 		mob		
-1	0	0	0	Media/Sound/mob/creeper/say3 		mob		
-1	0	0	0	Media/Sound/mob/creeper/say4 		mob		
-1	0	0	0	Media/Sound/mob/enderdragon/end 		mob		
-1	0	0	0	Media/Sound/mob/enderdragon/growl1 		mob		
-1	0	0	0	Media/Sound/mob/enderdragon/growl2 		mob		
-1	0	0	0	Media/Sound/mob/enderdragon/growl3 		mob		
-1	0	0	0	Media/Sound/mob/enderdragon/growl4 		mob		
-1	0	0	0	Media/Sound/mob/enderdragon/hit1 		mob		
-1	0	0	0	Media/Sound/mob/enderdragon/hit2 		mob		
-1	0	0	0	Media/Sound/mob/enderdragon/hit3 		mob		
-1	0	0	0	Media/Sound/mob/enderdragon/hit4 		mob		
-1	0	0	0	Media/Sound/mob/enderdragon/wings1 		mob		
-1	0	0	0	Media/Sound/mob/enderdragon/wings2 		mob		
-1	0	0	0	Media/Sound/mob/enderdragon/wings3 		mob		
-1	0	0	0	Media/Sound/mob/enderdragon/wings4 		mob		
-1	0	0	0	Media/Sound/mob/enderdragon/wings5 		mob		
-1	0	0	0	Media/Sound/mob/enderdragon/wings6 		mob		
-1	0	0	0	Media/Sound/mob/endermen/death 		mob		
-1	0	0	0	Media/Sound/mob/endermen/hit1 		mob		
-1	0	0	0	Media/Sound/mob/endermen/hit2 		mob		
-1	0	0	0	Media/Sound/mob/endermen/hit3 		mob		
-1	0	0	0	Media/Sound/mob/endermen/hit4 		mob		
-1	0	0	0	Media/Sound/mob/endermen/idle1 		mob		
-1	0	0	0	Media/Sound/mob/endermen/idle2 		mob		
-1	0	0	0	Media/Sound/mob/endermen/idle3 		mob		
-1	0	0	0	Media/Sound/mob/endermen/idle4 		mob		
-1	0	0	0	Media/Sound/mob/endermen/idle5 		mob		
-1	0	0	0	Media/Sound/mob/endermen/portal 		mob		
-1	0	0	0	Media/Sound/mob/endermen/portal2 		mob		
-1	0	0	0	Media/Sound/mob/endermen/scream1 		mob		
-1	0	0	0	Media/Sound/mob/endermen/scream2 		mob		
-1	0	0	0	Media/Sound/mob/endermen/scream3 		mob		
-1	0	0	0	Media/Sound/mob/endermen/scream4 		mob		
-1	0	0	0	Media/Sound/mob/endermen/stare 		mob		
-1	0	0	0	Media/Sound/mob/evocation_illager/cast1 		mob		
-1	0	0	0	Media/Sound/mob/evocation_illager/cast2 		mob		
-1	0	0	0	Media/Sound/mob/evocation_illager/death1 		mob		
-1	0	0	0	Media/Sound/mob/evocation_illager/death2 		mob		
-1	0	0	0	Media/Sound/mob/evocation_illager/fangs 		mob		
-1	0	0	0	Media/Sound/mob/evocation_illager/hurt1 		mob		
-1	0	0	0	Media/Sound/mob/evocation_illager/hurt2 		mob		
-1	0	0	0	Media/Sound/mob/evocation_illager/idle1 		mob		
-1	0	0	0	Media/Sound/mob/evocation_illager/idle2 		mob		
-1	0	0	0	Media/Sound/mob/evocation_illager/idle3 		mob		
-1	0	0	0	Media/Sound/mob/evocation_illager/idle4 		mob		
-1	0	0	0	Media/Sound/mob/evocation_illager/prepare_attack1 		mob		
-1	0	0	0	Media/Sound/mob/evocation_illager/prepare_attack2 		mob		
-1	0	0	0	Media/Sound/mob/evocation_illager/prepare_summon 		mob		
-1	0	0	0	Media/Sound/mob/evocation_illager/prepare_wololo 		mob		
-1	0	0	0	Media/Sound/mob/ghast/affectionate_scream 		mob		
-1	0	0	0	Media/Sound/mob/ghast/charge 		mob		
-1	0	0	0	Media/Sound/mob/ghast/death 		mob		
-1	0	0	0	Media/Sound/mob/ghast/fireball4 		mob		
-1	0	0	0	Media/Sound/mob/ghast/moan1 		mob		
-1	0	0	0	Media/Sound/mob/ghast/moan2 		mob		
-1	0	0	0	Media/Sound/mob/ghast/moan3 		mob		
-1	0	0	0	Media/Sound/mob/ghast/moan4 		mob		
-1	0	0	0	Media/Sound/mob/ghast/moan5 		mob		
-1	0	0	0	Media/Sound/mob/ghast/moan6 		mob		
-1	0	0	0	Media/Sound/mob/ghast/moan7 		mob		
-1	0	0	0	Media/Sound/mob/ghast/scream1 		mob		
-1	0	0	0	Media/Sound/mob/ghast/scream2 		mob		
-1	0	0	0	Media/Sound/mob/ghast/scream3 		mob		
-1	0	0	0	Media/Sound/mob/ghast/scream4 		mob		
-1	0	0	0	Media/Sound/mob/ghast/scream5 		mob		
-1	0	0	0	Media/Sound/mob/guardian/attack_loop 		mob		
-1	0	0	0	Media/Sound/mob/guardian/curse 		mob		
-1	0	0	0	Media/Sound/mob/guardian/elder_death 		mob		
-1	0	0	0	Media/Sound/mob/guardian/elder_hit1 		mob		
-1	0	0	0	Media/Sound/mob/guardian/elder_hit2 		mob		
-1	0	0	0	Media/Sound/mob/guardian/elder_hit3 		mob		
-1	0	0	0	Media/Sound/mob/guardian/elder_hit4 		mob		
-1	0	0	0	Media/Sound/mob/guardian/elder_idle1 		mob		
-1	0	0	0	Media/Sound/mob/guardian/elder_idle2 		mob		
-1	0	0	0	Media/Sound/mob/guardian/elder_idle3 		mob		
-1	0	0	0	Media/Sound/mob/guardian/elder_idle4 		mob		
-1	0	0	0	Media/Sound/mob/guardian/flop1 		mob		
-1	0	0	0	Media/Sound/mob/guardian/flop2 		mob		
-1	0	0	0	Media/Sound/mob/guardian/flop3 		mob		
-1	0	0	0	Media/Sound/mob/guardian/flop4 		mob		
-1	0	0	0	Media/Sound/mob/guardian/guardian_death 		mob		
-1	0	0	0	Media/Sound/mob/guardian/guardian_hit1 		mob		
-1	0	0	0	Media/Sound/mob/guardian/guardian_hit2 		mob		
-1	0	0	0	Media/Sound/mob/guardian/guardian_hit3 		mob		
-1	0	0	0	Media/Sound/mob/guardian/guardian_hit4 		mob		
-1	0	0	0	Media/Sound/mob/guardian/land_death 		mob		
-1	0	0	0	Media/Sound/mob/guardian/land_hit1 		mob		
-1	0	0	0	Media/Sound/mob/guardian/land_hit2 		mob		
-1	0	0	0	Media/Sound/mob/guardian/land_hit3 		mob		
-1	0	0	0	Media/Sound/mob/guardian/land_hit4 		mob		
-1	0	0	0	Media/Sound/mob/guardian/land_idle1 		mob		
-1	0	0	0	Media/Sound/mob/guardian/land_idle2 		mob		
-1	0	0	0	Media/Sound/mob/guardian/land_idle3 		mob		
-1	0	0	0	Media/Sound/mob/guardian/land_idle4 		mob		
-1	0	0	0	Media/Sound/mob/horse/angry1 		mob		
-1	0	0	0	Media/Sound/mob/horse/armor 		mob		
-1	0	0	0	Media/Sound/mob/horse/breathe1 		mob		
-1	0	0	0	Media/Sound/mob/horse/breathe2 		mob		
-1	0	0	0	Media/Sound/mob/horse/breathe3 		mob		
-1	0	0	0	Media/Sound/mob/horse/death 		mob		
-1	0	0	0	Media/Sound/mob/horse/donkey/angry1 		mob		
-1	0	0	0	Media/Sound/mob/horse/donkey/angry2 		mob		
-1	0	0	0	Media/Sound/mob/horse/donkey/death 		mob		
-1	0	0	0	Media/Sound/mob/horse/donkey/hit1 		mob		
-1	0	0	0	Media/Sound/mob/horse/donkey/hit2 		mob		
-1	0	0	0	Media/Sound/mob/horse/donkey/hit3 		mob		
-1	0	0	0	Media/Sound/mob/horse/donkey/idle1 		mob		
-1	0	0	0	Media/Sound/mob/horse/donkey/idle2 		mob		
-1	0	0	0	Media/Sound/mob/horse/donkey/idle3 		mob		
-1	0	0	0	Media/Sound/mob/horse/gallop1 		mob		
-1	0	0	0	Media/Sound/mob/horse/gallop2 		mob		
-1	0	0	0	Media/Sound/mob/horse/gallop3 		mob		
-1	0	0	0	Media/Sound/mob/horse/gallop4 		mob		
-1	0	0	0	Media/Sound/mob/horse/hit1 		mob		
-1	0	0	0	Media/Sound/mob/horse/hit2 		mob		
-1	0	0	0	Media/Sound/mob/horse/hit3 		mob		
-1	0	0	0	Media/Sound/mob/horse/hit4 		mob		
-1	0	0	0	Media/Sound/mob/horse/idle1 		mob		
-1	0	0	0	Media/Sound/mob/horse/idle2 		mob		
-1	0	0	0	Media/Sound/mob/horse/idle3 		mob		
-1	0	0	0	Media/Sound/mob/horse/jump 		mob		
-1	0	0	0	Media/Sound/mob/horse/land 		mob		
-1	0	0	0	Media/Sound/mob/horse/leather 		mob		
-1	0	0	0	Media/Sound/mob/horse/skeleton/death 		mob		
-1	0	0	0	Media/Sound/mob/horse/skeleton/hit1 		mob		
-1	0	0	0	Media/Sound/mob/horse/skeleton/hit2 		mob		
-1	0	0	0	Media/Sound/mob/horse/skeleton/hit3 		mob		
-1	0	0	0	Media/Sound/mob/horse/skeleton/hit4 		mob		
-1	0	0	0	Media/Sound/mob/horse/skeleton/idle1 		mob		
-1	0	0	0	Media/Sound/mob/horse/skeleton/idle2 		mob		
-1	0	0	0	Media/Sound/mob/horse/skeleton/idle3 		mob		
-1	0	0	0	Media/Sound/mob/horse/soft1 		mob		
-1	0	0	0	Media/Sound/mob/horse/soft2 		mob		
-1	0	0	0	Media/Sound/mob/horse/soft3 		mob		
-1	0	0	0	Media/Sound/mob/horse/soft4 		mob		
-1	0	0	0	Media/Sound/mob/horse/soft5 		mob		
-1	0	0	0	Media/Sound/mob/horse/soft6 		mob		
-1	0	0	0	Media/Sound/mob/horse/wood1 		mob		
-1	0	0	0	Media/Sound/mob/horse/wood2 		mob		
-1	0	0	0	Media/Sound/mob/horse/wood3 		mob		
-1	0	0	0	Media/Sound/mob/horse/wood4 		mob		
-1	0	0	0	Media/Sound/mob/horse/wood5 		mob		
-1	0	0	0	Media/Sound/mob/horse/wood6 		mob		
-1	0	0	0	Media/Sound/mob/horse/zombie/death 		mob		
-1	0	0	0	Media/Sound/mob/horse/zombie/hit1 		mob		
-1	0	0	0	Media/Sound/mob/horse/zombie/hit2 		mob		
-1	0	0	0	Media/Sound/mob/horse/zombie/hit3 		mob		
-1	0	0	0	Media/Sound/mob/horse/zombie/hit4 		mob		
-1	0	0	0	Media/Sound/mob/horse/zombie/idle1 		mob		
-1	0	0	0	Media/Sound/mob/horse/zombie/idle2 		mob		
-1	0	0	0	Media/Sound/mob/horse/zombie/idle3 		mob		
-1	0	0	0	Media/Sound/mob/husk/death1 		mob		
-1	0	0	0	Media/Sound/mob/husk/death2 		mob		
-1	0	0	0	Media/Sound/mob/husk/hurt1 		mob		
-1	0	0	0	Media/Sound/mob/husk/hurt2 		mob		
-1	0	0	0	Media/Sound/mob/husk/idle1 		mob		
-1	0	0	0	Media/Sound/mob/husk/idle2 		mob		
-1	0	0	0	Media/Sound/mob/husk/idle3 		mob		
-1	0	0	0	Media/Sound/mob/husk/step1 		mob		
-1	0	0	0	Media/Sound/mob/husk/step2 		mob		
-1	0	0	0	Media/Sound/mob/husk/step3 		mob		
-1	0	0	0	Media/Sound/mob/husk/step4 		mob		
-1	0	0	0	Media/Sound/mob/husk/step5 		mob		
-1	0	0	0	Media/Sound/mob/illusion_illager/death1 		mob		
-1	0	0	0	Media/Sound/mob/illusion_illager/death2 		mob		
-1	0	0	0	Media/Sound/mob/illusion_illager/hurt1 		mob		
-1	0	0	0	Media/Sound/mob/illusion_illager/hurt2 		mob		
-1	0	0	0	Media/Sound/mob/illusion_illager/hurt3 		mob		
-1	0	0	0	Media/Sound/mob/illusion_illager/idle1 		mob		
-1	0	0	0	Media/Sound/mob/illusion_illager/idle2 		mob		
-1	0	0	0	Media/Sound/mob/illusion_illager/idle3 		mob		
-1	0	0	0	Media/Sound/mob/illusion_illager/idle4 		mob		
-1	0	0	0	Media/Sound/mob/illusion_illager/mirror_move1 		mob		
-1	0	0	0	Media/Sound/mob/illusion_illager/mirror_move2 		mob		
-1	0	0	0	Media/Sound/mob/illusion_illager/prepare_blind 		mob		
-1	0	0	0	Media/Sound/mob/illusion_illager/prepare_mirror 		mob		
-1	0	0	0	Media/Sound/mob/irongolem/death 		mob		
-1	0	0	0	Media/Sound/mob/irongolem/hit1 		mob		
-1	0	0	0	Media/Sound/mob/irongolem/hit2 		mob		
-1	0	0	0	Media/Sound/mob/irongolem/hit3 		mob		
-1	0	0	0	Media/Sound/mob/irongolem/hit4 		mob		
-1	0	0	0	Media/Sound/mob/irongolem/throw 		mob		
-1	0	0	0	Media/Sound/mob/irongolem/walk1 		mob		
-1	0	0	0	Media/Sound/mob/irongolem/walk2 		mob		
-1	0	0	0	Media/Sound/mob/irongolem/walk3 		mob		
-1	0	0	0	Media/Sound/mob/irongolem/walk4 		mob		
-1	0	0	0	Media/Sound/mob/llama/angry1 		mob		
-1	0	0	0	Media/Sound/mob/llama/death1 		mob		
-1	0	0	0	Media/Sound/mob/llama/death2 		mob		
-1	0	0	0	Media/Sound/mob/llama/eat1 		mob		
-1	0	0	0	Media/Sound/mob/llama/eat2 		mob		
-1	0	0	0	Media/Sound/mob/llama/eat3 		mob		
-1	0	0	0	Media/Sound/mob/llama/hurt1 		mob		
-1	0	0	0	Media/Sound/mob/llama/hurt2 		mob		
-1	0	0	0	Media/Sound/mob/llama/hurt3 		mob		
-1	0	0	0	Media/Sound/mob/llama/idle1 		mob		
-1	0	0	0	Media/Sound/mob/llama/idle2 		mob		
-1	0	0	0	Media/Sound/mob/llama/idle3 		mob		
-1	0	0	0	Media/Sound/mob/llama/idle4 		mob		
-1	0	0	0	Media/Sound/mob/llama/idle5 		mob		
-1	0	0	0	Media/Sound/mob/llama/spit1 		mob		
-1	0	0	0	Media/Sound/mob/llama/spit2 		mob		
-1	0	0	0	Media/Sound/mob/llama/step1 		mob		
-1	0	0	0	Media/Sound/mob/llama/step2 		mob		
-1	0	0	0	Media/Sound/mob/llama/step3 		mob		
-1	0	0	0	Media/Sound/mob/llama/step4 		mob		
-1	0	0	0	Media/Sound/mob/llama/step5 		mob		
-1	0	0	0	Media/Sound/mob/llama/swag 		mob		
-1	0	0	0	Media/Sound/mob/magmacube/big1 		mob		
-1	0	0	0	Media/Sound/mob/magmacube/big2 		mob		
-1	0	0	0	Media/Sound/mob/magmacube/big3 		mob		
-1	0	0	0	Media/Sound/mob/magmacube/big4 		mob		
-1	0	0	0	Media/Sound/mob/magmacube/jump1 		mob		
-1	0	0	0	Media/Sound/mob/magmacube/jump2 		mob		
-1	0	0	0	Media/Sound/mob/magmacube/jump3 		mob		
-1	0	0	0	Media/Sound/mob/magmacube/jump4 		mob		
-1	0	0	0	Media/Sound/mob/magmacube/small1 		mob		
-1	0	0	0	Media/Sound/mob/magmacube/small2 		mob		
-1	0	0	0	Media/Sound/mob/magmacube/small3 		mob		
-1	0	0	0	Media/Sound/mob/magmacube/small4 		mob		
-1	0	0	0	Media/Sound/mob/magmacube/small5 		mob		
-1	0	0	0	Media/Sound/mob/parrot/death1 		mob		
-1	0	0	0	Media/Sound/mob/parrot/death2 		mob		
-1	0	0	0	Media/Sound/mob/parrot/death3 		mob		
-1	0	0	0	Media/Sound/mob/parrot/death4 		mob		
-1	0	0	0	Media/Sound/mob/parrot/eat1 		mob		
-1	0	0	0	Media/Sound/mob/parrot/eat2 		mob		
-1	0	0	0	Media/Sound/mob/parrot/eat3 		mob		
-1	0	0	0	Media/Sound/mob/parrot/fly1 		mob		
-1	0	0	0	Media/Sound/mob/parrot/fly2 		mob		
-1	0	0	0	Media/Sound/mob/parrot/fly3 		mob		
-1	0	0	0	Media/Sound/mob/parrot/fly4 		mob		
-1	0	0	0	Media/Sound/mob/parrot/fly5 		mob		
-1	0	0	0	Media/Sound/mob/parrot/fly6 		mob		
-1	0	0	0	Media/Sound/mob/parrot/fly7 		mob		
-1	0	0	0	Media/Sound/mob/parrot/fly8 		mob		
-1	0	0	0	Media/Sound/mob/parrot/hurt1 		mob		
-1	0	0	0	Media/Sound/mob/parrot/hurt2 		mob		
-1	0	0	0	Media/Sound/mob/parrot/idle1 		mob		
-1	0	0	0	Media/Sound/mob/parrot/idle2 		mob		
-1	0	0	0	Media/Sound/mob/parrot/idle3 		mob		
-1	0	0	0	Media/Sound/mob/parrot/idle4 		mob		
-1	0	0	0	Media/Sound/mob/parrot/idle5 		mob		
-1	0	0	0	Media/Sound/mob/parrot/idle6 		mob		
-1	0	0	0	Media/Sound/mob/parrot/step1 		mob		
-1	0	0	0	Media/Sound/mob/parrot/step2 		mob		
-1	0	0	0	Media/Sound/mob/parrot/step3 		mob		
-1	0	0	0	Media/Sound/mob/parrot/step4 		mob		
-1	0	0	0	Media/Sound/mob/parrot/step5 		mob		
-1	0	0	0	Media/Sound/mob/pig/death 		mob		
-1	0	0	0	Media/Sound/mob/pig/say1 		mob		
-1	0	0	0	Media/Sound/mob/pig/say2 		mob		
-1	0	0	0	Media/Sound/mob/pig/say3 		mob		
-1	0	0	0	Media/Sound/mob/pig/step1 		mob		
-1	0	0	0	Media/Sound/mob/pig/step2 		mob		
-1	0	0	0	Media/Sound/mob/pig/step3 		mob		
-1	0	0	0	Media/Sound/mob/pig/step4 		mob		
-1	0	0	0	Media/Sound/mob/pig/step5 		mob		
-1	0	0	0	Media/Sound/mob/polarbear/death1 		mob		
-1	0	0	0	Media/Sound/mob/polarbear/death2 		mob		
-1	0	0	0	Media/Sound/mob/polarbear/death3 		mob		
-1	0	0	0	Media/Sound/mob/polarbear/hurt1 		mob		
-1	0	0	0	Media/Sound/mob/polarbear/hurt2 		mob		
-1	0	0	0	Media/Sound/mob/polarbear/hurt3 		mob		
-1	0	0	0	Media/Sound/mob/polarbear/hurt4 		mob		
-1	0	0	0	Media/Sound/mob/polarbear/idle1 		mob		
-1	0	0	0	Media/Sound/mob/polarbear/idle2 		mob		
-1	0	0	0	Media/Sound/mob/polarbear/idle3 		mob		
-1	0	0	0	Media/Sound/mob/polarbear/idle4 		mob		
-1	0	0	0	Media/Sound/mob/polarbear/step1 		mob		
-1	0	0	0	Media/Sound/mob/polarbear/step2 		mob		
-1	0	0	0	Media/Sound/mob/polarbear/step3 		mob		
-1	0	0	0	Media/Sound/mob/polarbear/step4 		mob		
-1	0	0	0	Media/Sound/mob/polarbear/warning1 		mob		
-1	0	0	0	Media/Sound/mob/polarbear/warning2 		mob		
-1	0	0	0	Media/Sound/mob/polarbear/warning3 		mob		
-1	0	0	0	Media/Sound/mob/polarbear_baby/idle1 		mob		
-1	0	0	0	Media/Sound/mob/polarbear_baby/idle2 		mob		
-1	0	0	0	Media/Sound/mob/polarbear_baby/idle3 		mob		
-1	0	0	0	Media/Sound/mob/polarbear_baby/idle4 		mob		
-1	0	0	0	Media/Sound/mob/rabbit/bunnymurder 		mob		
-1	0	0	0	Media/Sound/mob/rabbit/hop1 		mob		
-1	0	0	0	Media/Sound/mob/rabbit/hop2 		mob		
-1	0	0	0	Media/Sound/mob/rabbit/hop3 		mob		
-1	0	0	0	Media/Sound/mob/rabbit/hop4 		mob		
-1	0	0	0	Media/Sound/mob/rabbit/hurt1 		mob		
-1	0	0	0	Media/Sound/mob/rabbit/hurt2 		mob		
-1	0	0	0	Media/Sound/mob/rabbit/hurt3 		mob		
-1	0	0	0	Media/Sound/mob/rabbit/hurt4 		mob		
-1	0	0	0	Media/Sound/mob/rabbit/idle1 		mob		
-1	0	0	0	Media/Sound/mob/rabbit/idle2 		mob		
-1	0	0	0	Media/Sound/mob/rabbit/idle3 		mob		
-1	0	0	0	Media/Sound/mob/rabbit/idle4 		mob		
-1	0	0	0	Media/Sound/mob/sheep/say1 		mob		
-1	0	0	0	Media/Sound/mob/sheep/say2 		mob		
-1	0	0	0	Media/Sound/mob/sheep/say3 		mob		
-1	0	0	0	Media/Sound/mob/sheep/shear 		mob		
-1	0	0	0	Media/Sound/mob/sheep/step1 		mob		
-1	0	0	0	Media/Sound/mob/sheep/step2 		mob		
-1	0	0	0	Media/Sound/mob/sheep/step3 		mob		
-1	0	0	0	Media/Sound/mob/sheep/step4 		mob		
-1	0	0	0	Media/Sound/mob/sheep/step5 		mob		
-1	0	0	0	Media/Sound/mob/silverfish/hit1 		mob		
-1	0	0	0	Media/Sound/mob/silverfish/hit2 		mob		
-1	0	0	0	Media/Sound/mob/silverfish/hit3 		mob		
-1	0	0	0	Media/Sound/mob/silverfish/kill 		mob		
-1	0	0	0	Media/Sound/mob/silverfish/say1 		mob		
-1	0	0	0	Media/Sound/mob/silverfish/say2 		mob		
-1	0	0	0	Media/Sound/mob/silverfish/say3 		mob		
-1	0	0	0	Media/Sound/mob/silverfish/say4 		mob		
-1	0	0	0	Media/Sound/mob/silverfish/step1 		mob		
-1	0	0	0	Media/Sound/mob/silverfish/step2 		mob		
-1	0	0	0	Media/Sound/mob/silverfish/step3 		mob		
-1	0	0	0	Media/Sound/mob/silverfish/step4 		mob		
-1	0	0	0	Media/Sound/mob/skeleton/death 		mob		
-1	0	0	0	Media/Sound/mob/skeleton/hurt1 		mob		
-1	0	0	0	Media/Sound/mob/skeleton/hurt2 		mob		
-1	0	0	0	Media/Sound/mob/skeleton/hurt3 		mob		
-1	0	0	0	Media/Sound/mob/skeleton/hurt4 		mob		
-1	0	0	0	Media/Sound/mob/skeleton/say1 		mob		
-1	0	0	0	Media/Sound/mob/skeleton/say2 		mob		
-1	0	0	0	Media/Sound/mob/skeleton/say3 		mob		
-1	0	0	0	Media/Sound/mob/skeleton/step1 		mob		
-1	0	0	0	Media/Sound/mob/skeleton/step2 		mob		
-1	0	0	0	Media/Sound/mob/skeleton/step3 		mob		
-1	0	0	0	Media/Sound/mob/skeleton/step4 		mob		
-1	0	0	0	Media/Sound/mob/slime/attack1 		mob		
-1	0	0	0	Media/Sound/mob/slime/attack2 		mob		
-1	0	0	0	Media/Sound/mob/slime/big1 		mob		
-1	0	0	0	Media/Sound/mob/slime/big2 		mob		
-1	0	0	0	Media/Sound/mob/slime/big3 		mob		
-1	0	0	0	Media/Sound/mob/slime/big4 		mob		
-1	0	0	0	Media/Sound/mob/slime/small1 		mob		
-1	0	0	0	Media/Sound/mob/slime/small2 		mob		
-1	0	0	0	Media/Sound/mob/slime/small3 		mob		
-1	0	0	0	Media/Sound/mob/slime/small4 		mob		
-1	0	0	0	Media/Sound/mob/slime/small5 		mob		
-1	0	0	0	Media/Sound/mob/spider/death 		mob		
-1	0	0	0	Media/Sound/mob/spider/say1 		mob		
-1	0	0	0	Media/Sound/mob/spider/say2 		mob		
-1	0	0	0	Media/Sound/mob/spider/say3 		mob		
-1	0	0	0	Media/Sound/mob/spider/say4 		mob		
-1	0	0	0	Media/Sound/mob/spider/step1 		mob		
-1	0	0	0	Media/Sound/mob/spider/step2 		mob		
-1	0	0	0	Media/Sound/mob/spider/step3 		mob		
-1	0	0	0	Media/Sound/mob/spider/step4 		mob		
-1	0	0	0	Media/Sound/mob/stray/death1 		mob		
-1	0	0	0	Media/Sound/mob/stray/death2 		mob		
-1	0	0	0	Media/Sound/mob/stray/hurt1 		mob		
-1	0	0	0	Media/Sound/mob/stray/hurt2 		mob		
-1	0	0	0	Media/Sound/mob/stray/hurt3 		mob		
-1	0	0	0	Media/Sound/mob/stray/hurt4 		mob		
-1	0	0	0	Media/Sound/mob/stray/idle1 		mob		
-1	0	0	0	Media/Sound/mob/stray/idle2 		mob		
-1	0	0	0	Media/Sound/mob/stray/idle3 		mob		
-1	0	0	0	Media/Sound/mob/stray/idle4 		mob		
-1	0	0	0	Media/Sound/mob/stray/step1 		mob		
-1	0	0	0	Media/Sound/mob/stray/step2 		mob		
-1	0	0	0	Media/Sound/mob/stray/step3 		mob		
-1	0	0	0	Media/Sound/mob/stray/step4 		mob		
-1	0	0	0	Media/Sound/mob/vex/charge1 		mob		
-1	0	0	0	Media/Sound/mob/vex/charge2 		mob		
-1	0	0	0	Media/Sound/mob/vex/charge3 		mob		
-1	0	0	0	Media/Sound/mob/vex/death1 		mob		
-1	0	0	0	Media/Sound/mob/vex/death2 		mob		
-1	0	0	0	Media/Sound/mob/vex/hurt1 		mob		
-1	0	0	0	Media/Sound/mob/vex/hurt2 		mob		
-1	0	0	0	Media/Sound/mob/vex/idle1 		mob		
-1	0	0	0	Media/Sound/mob/vex/idle2 		mob		
-1	0	0	0	Media/Sound/mob/vex/idle3 		mob		
-1	0	0	0	Media/Sound/mob/vex/idle4 		mob		
-1	0	0	0	Media/Sound/mob/villager/death 		mob		
-1	0	0	0	Media/Sound/mob/villager/haggle1 		mob		
-1	0	0	0	Media/Sound/mob/villager/haggle2 		mob		
-1	0	0	0	Media/Sound/mob/villager/haggle3 		mob		
-1	0	0	0	Media/Sound/mob/villager/hit1 		mob		
-1	0	0	0	Media/Sound/mob/villager/hit2 		mob		
-1	0	0	0	Media/Sound/mob/villager/hit3 		mob		
-1	0	0	0	Media/Sound/mob/villager/hit4 		mob		
-1	0	0	0	Media/Sound/mob/villager/idle1 		mob		
-1	0	0	0	Media/Sound/mob/villager/idle2 		mob		
-1	0	0	0	Media/Sound/mob/villager/idle3 		mob		
-1	0	0	0	Media/Sound/mob/villager/no1 		mob		
-1	0	0	0	Media/Sound/mob/villager/no2 		mob		
-1	0	0	0	Media/Sound/mob/villager/no3 		mob		
-1	0	0	0	Media/Sound/mob/villager/yes1 		mob		
-1	0	0	0	Media/Sound/mob/villager/yes2 		mob		
-1	0	0	0	Media/Sound/mob/villager/yes3 		mob		
-1	0	0	0	Media/Sound/mob/vindication_illager/death1 		mob		
-1	0	0	0	Media/Sound/mob/vindication_illager/death2 		mob		
-1	0	0	0	Media/Sound/mob/vindication_illager/hurt1 		mob		
-1	0	0	0	Media/Sound/mob/vindication_illager/hurt2 		mob		
-1	0	0	0	Media/Sound/mob/vindication_illager/hurt3 		mob		
-1	0	0	0	Media/Sound/mob/vindication_illager/idle1 		mob		
-1	0	0	0	Media/Sound/mob/vindication_illager/idle2 		mob		
-1	0	0	0	Media/Sound/mob/vindication_illager/idle3 		mob		
-1	0	0	0	Media/Sound/mob/vindication_illager/idle4 		mob		
-1	0	0	0	Media/Sound/mob/vindication_illager/idle5 		mob		
-1	0	0	0	Media/Sound/mob/wither/death 		mob		
-1	0	0	0	Media/Sound/mob/wither/hurt1 		mob		
-1	0	0	0	Media/Sound/mob/wither/hurt2 		mob		
-1	0	0	0	Media/Sound/mob/wither/hurt3 		mob		
-1	0	0	0	Media/Sound/mob/wither/hurt4 		mob		
-1	0	0	0	Media/Sound/mob/wither/idle1 		mob		
-1	0	0	0	Media/Sound/mob/wither/idle2 		mob		
-1	0	0	0	Media/Sound/mob/wither/idle3 		mob		
-1	0	0	0	Media/Sound/mob/wither/idle4 		mob		
-1	0	0	0	Media/Sound/mob/wither/shoot 		mob		
-1	0	0	0	Media/Sound/mob/wither/spawn 		mob		
-1	0	0	0	Media/Sound/mob/wither_skeleton/death1 		mob		
-1	0	0	0	Media/Sound/mob/wither_skeleton/death2 		mob		
-1	0	0	0	Media/Sound/mob/wither_skeleton/hurt1 		mob		
-1	0	0	0	Media/Sound/mob/wither_skeleton/hurt2 		mob		
-1	0	0	0	Media/Sound/mob/wither_skeleton/hurt3 		mob		
-1	0	0	0	Media/Sound/mob/wither_skeleton/hurt4 		mob		
-1	0	0	0	Media/Sound/mob/wither_skeleton/idle1 		mob		
-1	0	0	0	Media/Sound/mob/wither_skeleton/idle2 		mob		
-1	0	0	0	Media/Sound/mob/wither_skeleton/idle3 		mob		
-1	0	0	0	Media/Sound/mob/wither_skeleton/step1 		mob		
-1	0	0	0	Media/Sound/mob/wither_skeleton/step2 		mob		
-1	0	0	0	Media/Sound/mob/wither_skeleton/step3 		mob		
-1	0	0	0	Media/Sound/mob/wither_skeleton/step4 		mob		
-1	0	0	0	Media/Sound/mob/wolf/bark1 		mob		
-1	0	0	0	Media/Sound/mob/wolf/bark2 		mob		
-1	0	0	0	Media/Sound/mob/wolf/bark3 		mob		
-1	0	0	0	Media/Sound/mob/wolf/death 		mob		
-1	0	0	0	Media/Sound/mob/wolf/growl1 		mob		
-1	0	0	0	Media/Sound/mob/wolf/growl2 		mob		
-1	0	0	0	Media/Sound/mob/wolf/growl3 		mob		
-1	0	0	0	Media/Sound/mob/wolf/howl1 		mob		
-1	0	0	0	Media/Sound/mob/wolf/howl2 		mob		
-1	0	0	0	Media/Sound/mob/wolf/hurt1 		mob		
-1	0	0	0	Media/Sound/mob/wolf/hurt2 		mob		
-1	0	0	0	Media/Sound/mob/wolf/hurt3 		mob		
-1	0	0	0	Media/Sound/mob/wolf/panting 		mob		
-1	0	0	0	Media/Sound/mob/wolf/shake 		mob		
-1	0	0	0	Media/Sound/mob/wolf/step1 		mob		
-1	0	0	0	Media/Sound/mob/wolf/step2 		mob		
-1	0	0	0	Media/Sound/mob/wolf/step3 		mob		
-1	0	0	0	Media/Sound/mob/wolf/step4 		mob		
-1	0	0	0	Media/Sound/mob/wolf/step5 		mob		
-1	0	0	0	Media/Sound/mob/wolf/whine 		mob		
-1	0	0	0	Media/Sound/mob/zombie/death 		mob		
-1	0	0	0	Media/Sound/mob/zombie/hurt1 		mob		
-1	0	0	0	Media/Sound/mob/zombie/hurt2 		mob		
-1	0	0	0	Media/Sound/mob/zombie/infect 		mob		
-1	0	0	0	Media/Sound/mob/zombie/metal1 		mob		
-1	0	0	0	Media/Sound/mob/zombie/metal2 		mob		
-1	0	0	0	Media/Sound/mob/zombie/metal3 		mob		
-1	0	0	0	Media/Sound/mob/zombie/remedy 		mob		
-1	0	0	0	Media/Sound/mob/zombie/say1 		mob		
-1	0	0	0	Media/Sound/mob/zombie/say2 		mob		
-1	0	0	0	Media/Sound/mob/zombie/say3 		mob		
-1	0	0	0	Media/Sound/mob/zombie/step1 		mob		
-1	0	0	0	Media/Sound/mob/zombie/step2 		mob		
-1	0	0	0	Media/Sound/mob/zombie/step3 		mob		
-1	0	0	0	Media/Sound/mob/zombie/step4 		mob		
-1	0	0	0	Media/Sound/mob/zombie/step5 		mob		
-1	0	0	0	Media/Sound/mob/zombie/unfect 		mob		
-1	0	0	0	Media/Sound/mob/zombie/wood1 		mob		
-1	0	0	0	Media/Sound/mob/zombie/wood2 		mob		
-1	0	0	0	Media/Sound/mob/zombie/wood3 		mob		
-1	0	0	0	Media/Sound/mob/zombie/wood4 		mob		
-1	0	0	0	Media/Sound/mob/zombie/woodbreak 		mob		
-1	0	0	0	Media/Sound/mob/zombie_villager/death 		mob		
-1	0	0	0	Media/Sound/mob/zombie_villager/hurt1 		mob		
-1	0	0	0	Media/Sound/mob/zombie_villager/hurt2 		mob		
-1	0	0	0	Media/Sound/mob/zombie_villager/say1 		mob		
-1	0	0	0	Media/Sound/mob/zombie_villager/say2 		mob		
-1	0	0	0	Media/Sound/mob/zombie_villager/say3 		mob		
-1	0	0	0	Media/Sound/mob/zombiepig/zpig1 		mob		
-1	0	0	0	Media/Sound/mob/zombiepig/zpig2 		mob		
-1	0	0	0	Media/Sound/mob/zombiepig/zpig3 		mob		
-1	0	0	0	Media/Sound/mob/zombiepig/zpig4 		mob		
-1	0	0	0	Media/Sound/mob/zombiepig/zpigangry1 		mob		
-1	0	0	0	Media/Sound/mob/zombiepig/zpigangry2 		mob		
-1	0	0	0	Media/Sound/mob/zombiepig/zpigangry3 		mob		
-1	0	0	0	Media/Sound/mob/zombiepig/zpigangry4 		mob		
-1	0	0	0	Media/Sound/mob/zombiepig/zpigdeath 		mob		
-1	0	0	0	Media/Sound/mob/zombiepig/zpighurt1 		mob		
-1	0	0	0	Media/Sound/mob/zombiepig/zpighurt2 		mob		
-1	0	0	0	Media/Sound/music/game/calm1 	1			
-1	0	0	0	Media/Sound/music/game/calm2 	1			
-1	0	0	0	Media/Sound/music/game/calm3 	1			
-1	0	0	0	Media/Sound/music/game/creative/creative1 	1			
-1	0	0	0	Media/Sound/music/game/creative/creative2 	1			
-1	0	0	0	Media/Sound/music/game/creative/creative3 	1			
-1	0	0	0	Media/Sound/music/game/creative/creative4 	1			
-1	0	0	0	Media/Sound/music/game/creative/creative5 	1			
-1	0	0	0	Media/Sound/music/game/creative/creative6 	1			
-1	0	0	0	Media/Sound/music/game/end/boss 	1			
-1	0	0	0	Media/Sound/music/game/end/credits 	1			
-1	0	0	0	Media/Sound/music/game/end/end 	1			
-1	0	0	0	Media/Sound/music/game/hal1 	1			
-1	0	0	0	Media/Sound/music/game/hal2 	1			
-1	0	0	0	Media/Sound/music/game/hal3 	1			
-1	0	0	0	Media/Sound/music/game/hal4 	1			
-1	0	0	0	Media/Sound/music/game/nether/nether1 	1			
-1	0	0	0	Media/Sound/music/game/nether/nether2 	1			
-1	0	0	0	Media/Sound/music/game/nether/nether3 	1			
-1	0	0	0	Media/Sound/music/game/nether/nether4 	1			
-1	0	0	0	Media/Sound/music/game/nuance1 	1			
-1	0	0	0	Media/Sound/music/game/nuance2 	1			
-1	0	0	0	Media/Sound/music/game/piano1 	1			
-1	0	0	0	Media/Sound/music/game/piano2 	1			
-1	0	0	0	Media/Sound/music/game/piano3 	1			
-1	0	0	0	Media/Sound/music/menu/menu1 	1			
-1	0	0	0	Media/Sound/music/menu/menu2 	1			
-1	0	0	0	Media/Sound/music/menu/menu3 	1			
-1	0	0	0	Media/Sound/music/menu/menu4 	1			
-1	0	0	0	Media/Sound/note/bass 		ui		
-1	0	0	0	Media/Sound/note/bassattack 		ui		
-1	0	0	0	Media/Sound/note/bd 		ui		
-1	0	0	0	Media/Sound/note/bell 		ui		
-1	0	0	0	Media/Sound/note/flute 		ui		
-1	0	0	0	Media/Sound/note/guitar 		ui		
-1	0	0	0	Media/Sound/note/harp 		ui		
-1	0	0	0	Media/Sound/note/harp2 		ui		
-1	0	0	0	Media/Sound/note/hat 		ui		
-1	0	0	0	Media/Sound/note/icechime 		ui		
-1	0	0	0	Media/Sound/note/pling 		ui		
-1	0	0	0	Media/Sound/note/snare 		ui		
-1	0	0	0	Media/Sound/note/xylobone 		ui		
-1	0	0	0	Media/Sound/portal/portal 		entity		
-1	0	0	0	Media/Sound/portal/travel 		entity		
-1	0	0	0	Media/Sound/portal/trigger 		entity		
-1	0	0	0	Media/Sound/random/anvil_break 		entity		
-1	0	0	0	Media/Sound/random/anvil_land 		entity		
-1	0	0	0	Media/Sound/random/anvil_use 		entity		
-1	0	0	0	Media/Sound/random/bow 		entity		
-1	0	0	0	Media/Sound/random/bowhit1 		entity		
-1	0	0	0	Media/Sound/random/bowhit2 		entity		
-1	0	0	0	Media/Sound/random/bowhit3 		entity		
-1	0	0	0	Media/Sound/random/bowhit4 		entity		
-1	0	0	0	Media/Sound/random/break 		entity		
-1	0	0	0	Media/Sound/random/breath 		entity		
-1	0	0	0	Media/Sound/random/burp 		entity		
-1	0	0	0	Media/Sound/random/chestclosed 		entity		
-1	0	0	0	Media/Sound/random/chestopen 		entity		
-1	0	0	0	Media/Sound/random/classic_hurt 		entity		
-1	0	0	0	Media/Sound/random/click 		entity		
-1	0	0	0	Media/Sound/random/door_close 		entity		
-1	0	0	0	Media/Sound/random/door_open 		entity		
-1	0	0	0	Media/Sound/random/drink 		entity		
-1	0	0	0	Media/Sound/random/eat1 		entity		
-1	0	0	0	Media/Sound/random/eat2 		entity		
-1	0	0	0	Media/Sound/random/eat3 		entity		
-1	0	0	0	Media/Sound/random/explode1 		entity		
-1	0	0	0	Media/Sound/random/explode2 		entity		
-1	0	0	0	Media/Sound/random/explode3 		entity		
-1	0	0	0	Media/Sound/random/explode4 		entity		
-1	0	0	0	Media/Sound/random/fizz 		entity		
-1	0	0	0	Media/Sound/random/fuse 		entity		
-1	0	0	0	Media/Sound/random/glass1 		entity		
-1	0	0	0	Media/Sound/random/glass2 		entity		
-1	0	0	0	Media/Sound/random/glass3 		entity		
-1	0	0	0	Media/Sound/random/levelup 		entity		
-1	0	0	0	Media/Sound/random/orb 		entity		
-1	0	0	0	Media/Sound/random/pop 		entity		
-1	0	0	0	Media/Sound/random/splash 		entity		
-1	0	0	0	Media/Sound/random/successful_hit 		entity		
-1	0	0	0	Media/Sound/random/wood_click 		entity		
-1	0	0	0	Media/Sound/records/11 				
-1	0	0	0	Media/Sound/records/13 				
-1	0	0	0	Media/Sound/records/blocks 				
-1	0	0	0	Media/Sound/records/cat 				
-1	0	0	0	Media/Sound/records/chirp 				
-1	0	0	0	Media/Sound/records/far 				
-1	0	0	0	Media/Sound/records/mall 				
-1	0	0	0	Media/Sound/records/mellohi 				
-1	0	0	0	Media/Sound/records/stal 				
-1	0	0	0	Media/Sound/records/strad 				
-1	0	0	0	Media/Sound/records/wait 				
-1	0	0	0	Media/Sound/records/ward 				
-1	0	0	0	Media/Sound/step/cloth1 			行走，布质表面1	
-1	0	0	0	Media/Sound/step/cloth2 			行走，布质表面2	
-1	0	0	0	Media/Sound/step/cloth3 			行走，布质表面3	
-1	0	0	0	Media/Sound/step/cloth4 			行走，布质表面4	
-1	0	0	0	Media/Sound/step/grass1 			行走，草地1	
-1	0	0	0	Media/Sound/step/grass2 			行走，草地2	
-1	0	0	0	Media/Sound/step/grass3 			行走，草地3	
-1	0	0	0	Media/Sound/step/grass4 			行走，草地4	
-1	0	0	0	Media/Sound/step/grass5 			行走，草地5	
-1	0	0	0	Media/Sound/step/grass6 			行走，草地6	
-1	0	0	0	Media/Sound/step/gravel1 			行走，沙砾1	
-1	0	0	0	Media/Sound/step/gravel2 			行走，沙砾2	
-1	0	0	0	Media/Sound/step/gravel3 			行走，沙砾3	
-1	0	0	0	Media/Sound/step/gravel4 			行走，沙砾4	
-1	0	0	0	Media/Sound/step/ladder1 			行走，楼梯1	
-1	0	0	0	Media/Sound/step/ladder2 			行走，楼梯2	
-1	0	0	0	Media/Sound/step/ladder3 			行走，楼梯3	
-1	0	0	0	Media/Sound/step/ladder4 			行走，楼梯4	
-1	0	0	0	Media/Sound/step/ladder5 			行走，楼梯5	
-1	0	0	0	Media/Sound/step/sand1 			行走，沙子1	
-1	0	0	0	Media/Sound/step/sand2 			行走，沙子2	
-1	0	0	0	Media/Sound/step/sand3 			行走，沙子3	
-1	0	0	0	Media/Sound/step/sand4 			行走，沙子4	
-1	0	0	0	Media/Sound/step/sand5 			行走，沙子5	
-1	0	0	0	Media/Sound/step/snow1 			行走，雪地1	
-1	0	0	0	Media/Sound/step/snow2 			行走，雪地2	
-1	0	0	0	Media/Sound/step/snow3 			行走，雪地3	
-1	0	0	0	Media/Sound/step/snow4 			行走，雪地4	
-1	0	0	0	Media/Sound/step/stone1 			行走，石头1	
-1	0	0	0	Media/Sound/step/stone2 			行走，石头2	
-1	0	0	0	Media/Sound/step/stone3 			行走，石头3	
-1	0	0	0	Media/Sound/step/stone4 			行走，石头4	
-1	0	0	0	Media/Sound/step/stone5 			行走，石头5	
-1	0	0	0	Media/Sound/step/stone6 			行走，石头6	
-1	0	0	0	Media/Sound/step/wood1 			行走，木头1	
-1	0	0	0	Media/Sound/step/wood2 			行走，木头2	
-1	0	0	0	Media/Sound/step/wood3 			行走，木头3	
-1	0	0	0	Media/Sound/step/wood4 			行走，木头4	
-1	0	0	0	Media/Sound/step/wood5 			行走，木头5	
-1	0	0	0	Media/Sound/step/wood6 			行走，木头6	
-1	0	0	0	Media/Sound/tile/piston/in 			活塞，收回	
-1	0	0	0	Media/Sound/tile/piston/out 			活塞，推出	
-1	0	0	0	Media/Sound/ui/toast/challenge_complete 			成就达成	
-1	0	0	0	Media/Sound/ui/toast/in 			消息弹出	
-1	0	0	0	Media/Sound/ui/toast/out 			消息关闭	
